,곡명,아티스트,앨범,좋아요수
1,예술이야,싸이 (PSY),PSYFIVE (싸이파이브),"85,865"
2,뜨거운 안녕 (Feat. 성시경),싸이 (PSY),싸이6甲 Part.1,"106,631"
3,어땠을까 (Feat. 박정현),싸이 (PSY),싸이6甲 Part.1,"189,186"
4,챔피언,싸이 (PSY),3마이,"47,960"
5,나팔바지,싸이 (PSY),칠집싸이다,"64,610"
6,New Face,싸이 (PSY),PSY 8th 4X2=8,"93,608"
7,That That (prod. & feat. SUGA of BTS),싸이 (PSY),싸다9,"141,355"
8,GENTLEMAN,싸이 (PSY),GENTLEMAN,"76,529"
9,연예인,싸이 (PSY),싸집,"52,802"
10,HOT 낙원 (Feat. 이재훈),싸이 (PSY),3마이,"49,969"
11,강남스타일,싸이 (PSY),싸이6甲 Part.1,"120,497"
12,I LUV IT,싸이 (PSY),PSY 8th 4X2=8,"71,293"
13,HOT 아버지,싸이 (PSY),Remake & Mix 18번,"44,335"
14,감동이야 (feat. 성시경),싸이 (PSY),싸다9,"26,616"
15,DADDY (Feat. CL of 2NE1),싸이 (PSY),칠집싸이다,"57,424"
16,기댈곳,싸이 (PSY),PSY 8th 4X2=8,"78,104"
17,Right Now,싸이 (PSY),PSYFIVE (싸이파이브),"21,359"
18,내 눈에는 (Feat. 이재훈),싸이 (PSY),내 눈에는,"14,888"
19,밤이 깊었네 (feat. 헤이즈),싸이 (PSY),싸다9,"11,200"
20,HOT 벌써 이렇게,싸이 (PSY),Remake & Mix 18번,"11,018"
21,마지막 장면 (Feat. 이성경),싸이 (PSY),PSY 8th 4X2=8,"44,618"
22,환희,싸이 (PSY),Remake & Mix 18번,"10,891"
23,새,싸이 (PSY),Psy From The Psycho World!,"10,390"
24,I Remember You (Feat. Zion.T),싸이 (PSY),칠집싸이다,"34,998"
25,오늘밤새,싸이 (PSY),PSYFIVE (싸이파이브),"7,124"
26,흔들어 주세요,철싸 (노홍철 & 싸이),무한도전 서해안 고속도로 가요제,"11,961"
27,언젠가는,싸이 (PSY),언젠가는 (몽정기 2 삽입곡) - 디지털 싱글,"6,768"
28,낙원,싸이 (PSY),2008 Summer Festival,"4,013"
29,HOT 아름다운 이별 2 (Feat. 이재훈),싸이 (PSY),싸집,"12,020"
30,Dream (Feat. XIA of JYJ),싸이 (PSY),칠집싸이다,"38,648"
31,"19금 77학개론 (Feat. 리쌍, 김진표)",싸이 (PSY),싸이6甲 Part.1,"24,148"
32,청개구리 (Feat. G-Dragon),싸이 (PSY),싸이6甲 Part.1,"17,494"
33,HOT 연예인,싸이 (PSY),2006 올나잇스탠드 LIVE & DVD,"2,119"
34,이제는 (feat. 화사),싸이 (PSY),싸다9,"11,154"
35,Celeb,싸이 (PSY),싸다9,"23,418"
36,We Are The One,싸이 (PSY),싸집,"2,315"
37,HOT 흐린 기억 속의 그대,싸이 (PSY),Remake & Mix 18번,"1,297"
38,HOT 끝,싸이 (PSY),Psy From The Psycho World!,"5,302"
39,LOVE (Feat. 태양),싸이 (PSY),PSY 8th 4X2=8,"14,746"
40,Never Say Goodbye (Feat. 윤도현),싸이 (PSY),싸이6甲 Part.1,"10,114"
41,좋은날이 올거야 (Feat. 전인권),싸이 (PSY),칠집싸이다,"12,923"
42,HOT 비오니까,싸이 (PSY),싸집,"9,479"
43,내 눈에는 (Feat. 이재훈),싸이 (PSY),PSYFIVE (싸이파이브),"10,193"
44,HOT 챔피언,싸이 (PSY),Remake & Mix 18번,"2,073"
45,내일의 나에게,싸이 (PSY),싸다9,"5,002"
46,19금 팩트폭행 (Feat. G-DRAGON),싸이 (PSY),PSY 8th 4X2=8,"18,776"
47,Thank You (Feat. 서인영),싸이 (PSY),PSYFIVE (싸이파이브),"2,126"
48,서른 즈음에,싸이 (PSY),Remake & Mix 18번,922
49,HOT 낙원,싸이 (PSY),2006 올나잇스탠드 LIVE & DVD,854
50,GANJI (feat. Jessi),싸이 (PSY),싸다9,"4,329"
51,예술이야,"싸이 (PSY), 최경훈, 이주현, 방지환",판타스틱 듀오 2 Part.4,"3,529"
52,HOT 벌써 이렇게,싸이 (PSY),2006 올나잇스탠드 LIVE & DVD,"1,111"
53,아버지,싸이 (PSY),2006 올나잇스탠드 LIVE & DVD,"1,018"
54,HOT We Are The One,싸이 (PSY),2006 올나잇스탠드 LIVE & DVD,608
55,홈런,"하지원, 싸이 (PSY)",Home Run,699
56,"친구야 (With 이적, 김동률, 싸이, 길, 류시원, 김원준, 김조한)",김진표,Romantic 겨울,"7,317"
57,어른 (Feat. 조덕배),싸이 (PSY),싸집,739
58,골목길 (Feat. 조PD),싸이 (PSY),Remake & Mix 18번,376
59,그래서 그랬어 (Feat. 정엽),싸이 (PSY),PSYFIVE (싸이파이브),"1,243"
60,FREE KOREA,싸이 (PSY),KOREA,"4,289"
61,"죽은 시인의 사회 (Feat. 다이나믹 듀오, 드렁큰타이거, 타샤)",싸이 (PSY),싸집,935
62,HOT 안돼요 (Feat. 김완선),싸이 (PSY),3마이,"1,655"
63,19금 HOT 나쁜년,싸이 (PSY),싸2,624
64,We Are Young,싸이 (PSY),PSY 8th 4X2=8,"3,824"
65,"BOMB (Feat. B.I, BOBBY)",싸이 (PSY),PSY 8th 4X2=8,"13,340"
66,HOT 안녕히 (Feat. 이선희),싸이 (PSY),3마이,482
67,환희,싸이 (PSY),2006 올나잇스탠드 LIVE & DVD,708
68,댄스쟈키,싸이 (PSY),칠집싸이다,"6,158"
69,언젠가는,싸이 (PSY),Remake & Mix 18번,"1,853"
70,비상 (飛上),싸이 (PSY),신승훈 20th Anniversary With 싸이 Vol.4,502
71,미치도록,싸이 (PSY),PSYFIVE (싸이파이브),"1,855"
72,아버지 (At 썸머스탠드),싸이 (PSY),아버지 (At 썸머스탠드),"5,086"
73,나의 월요일,싸이 (PSY),싸다9,"6,435"
74,설레인다,싸이 (PSY),PSYFIVE (싸이파이브),"6,369"
75,Thank You (Feat. 서인영),싸이 (PSY),Thank You,"1,554"
76,Party Party (Feat. 싸이),DJ DOC,"Love & Sex, Happiness 6집",493
77,애주가 (Feat. 리쌍),싸이 (PSY),싸집,953
78,투 싸이 (TO PSY),싸이버거,투 싸이 (TO PSY),194
79,오토리버스 (Feat. TABLO),싸이 (PSY),PSY 8th 4X2=8,"8,139"
80,9INTRO,싸이 (PSY),싸다9,"5,810"
81,HOT 얼씨구,싸이 (PSY),싸2,469
82,사노라면,싸이 (PSY),Remake & Mix 18번,587
83,아름다운 이별 2,싸이 (PSY),2006 올나잇스탠드 LIVE & DVD,419
84,19금 HOT 처녀논쟁 (Feat. Ray Jay),싸이 (PSY),싸2,670
85,19금 나의 Wanna Be,싸이 (PSY),PSYFIVE (싸이파이브),"2,064"
86,아저씨SWAG (Feat. 개코 of Dynamic Duo),싸이 (PSY),칠집싸이다,"5,569"
87,강남스타일 (MR),INSTMR,MR 반주 싸이6甲 Part.1,123
88,HOT 챔피언,싸이 (PSY),2006 올나잇스탠드 LIVE & DVD,"2,301"
89,비오니까,싸이 (PSY),2006 올나잇스탠드 LIVE & DVD,664
90,Everyday,싸이 (PSY),싸다9,"3,116"
91,HANGOVER (feat. Snoop Dogg),싸이 (PSY),HANGOVER (feat. Snoop Dogg),58
92,19금 서울의 밤거리 (Feat. YDG),싸이 (PSY),PSYFIVE (싸이파이브),691
93,If I Had You (하이트진로d - 싸이 물풍선싸움편 광고 삽입곡),Adam Lambert,If I Had You,"12,433"
94,HOT 불장난 (Feat. Ray),싸이 (PSY),3마이,393
95,HOT JUMP (Feat. 이하늘),싸이 (PSY),싸집,314
96,사랑했어요,싸이 (PSY),Remake & Mix 18번,460
97,19금 인생극장 - B형,싸이 (PSY),Remake & Mix 18번,"1,168"
98,HOT 도시인,싸이 (PSY),Remake & Mix 18번,399
99,Happier (feat. Crush),싸이 (PSY),싸다9,"4,587"
100,19금 새 2 (Feat. 김준혁),싸이 (PSY),싸2,191
101,19금 싸군,싸이 (PSY),PSYFIVE (싸이파이브),"2,052"
102,신고식,싸이 (PSY),싸2,695
103,Gentleman,싸이 (PSY),The Hottest Hits Ever 5,146
104,"Life (Feat. 조PD, 이하늘, JP, Masta Wu)",싸이 (PSY),Remake & Mix 18번,481
105,끝,싸이 (PSY),2006 올나잇스탠드 LIVE & DVD,321
106,ROCKnROLLbaby (Feat. will.i.am),싸이 (PSY),칠집싸이다,"5,475"
107,어른 (Hidden Track) (Feat. 싸이),조덕배,조덕배 9집 (아홉 번째 이야기),106
108,19금 HOT 해지면...,싸이 (PSY),싸2,383
109,HOT 양아치,싸이 (PSY),싸집,363
110,Somebody (Feat. 싸이),디.베이스,Season II (Single),191
111,아버지 (Original Song by 싸이),최진솔,멜론 씹어먹기 PART. 1 (이 세상 모든 부모님께 바치는 노래),392
112,내 세상,싸이 (PSY),대물 OST Part.3,456
113,"HOT 골목길2 (Feat. 싸이, 조pd)",조pd (ZoPD),Brooklyn Mix Tape Vol.1,96
114,Night (Feat. 박미경),싸이 (PSY),3마이,131
115,Rock will never die,싸이 (PSY),PSY 8th 4X2=8,"2,864"
116,forEVER (feat. TABLO),싸이 (PSY),싸다9,"2,428"
117,19금 HOT 인생극장 - A형,싸이 (PSY),Remake & Mix 18번,560
118,놀아보자,싸이 (PSY),Psy From The Psycho World!,132
119,인스턴트 (Feat. 김태우),싸이 (PSY),싸집,320
120,솔직히 까고말해,싸이 (PSY),PSYFIVE (싸이파이브),899
121,I Love Sex (Feat. 조PD),싸이 (PSY),Psy From The Psycho World!,290
122,사우나 속으로 (feat. Masta Wu),싸이 (PSY),싸2,193
123,반말합시다,싸이 (PSY),3마이,676
124,SING (PSYmix) (with Ed Sheeran),싸이 (PSY),칠집싸이다,"3,654"
125,친구놈들아,싸이 (PSY),싸집,591
126,Basica 2.0,싸이 (PSY),싸2,99
127,성공의 어머니,싸이 (PSY),Psy From The Psycho World!,132
128,불륜,싸이 (PSY),Psy From The Psycho World!,119
129,HOT If I Had You (Radio Mix) (하이트진로d - 싸이 물풍선싸움편 광고 삽입곡),Adam Lambert,Playlist: The Very Best Of Adam Lambert,217
130,Bitch (Feat. Ray),싸이 (PSY),3마이,199
131,19금 원해,싸이 (PSY),싸2,139
132,DADDY + 江南Style(Live),싸이 (PSY),盖世英雄 第1期,50
133,비상 (飛上) (Vocal 싸이(Psy)),신승훈,20th Anniversary,196
134,빤빠라,싸이 (PSY),3마이,256
135,노크 (Feat. IVY),싸이 (PSY),싸집,460
136,좆뱅이신사,Bounce,Bounce,533
137,하늘 (with 넥스트),싸이 (PSY),박노해 노동의 새벽 20 주년 헌정음반,167
138,어땠을까 (MR),INSTMR,MR 반주 싸이6甲 Part.1,39
139,투 싸이 (TO PSY) (Inst.),싸이버거,투 싸이 (TO PSY),12
140,No.1,싸이 (PSY),Psy From The Psycho World!,117
141,내 세상,싸이 (PSY),대물 OST,533
142,1등 (Talk Box 유건형),싸이 (PSY),싸2,137
143,"Life (Feat. R.jay, Yota, DM, Y.Kwan, Small)",싸이 (PSY),Psy From The Psycho World!,193
144,뜨거운 안녕 (MR),INSTMR,MR 반주 싸이6甲 Part.1,21
145,Right Now (싸이),K-Pop Orchestral Ensemble,K-Pop Goes Classical,9
146,싸이코 파티,싸이 (PSY),싸집,163
147,19금 딜레마,싸이 (PSY),싸2,143
148,계집녀,싸이 (PSY),Psy From The Psycho World!,109
149,퀸 (Feat. 박재은),싸이 (PSY),3마이,169
150,난장 Blues,싸이 (PSY),3마이,183
151,Power,싸이 (PSY),로펌 (SBS드라마스페셜),107
152,얼씨구,싸이 (PSY),2006 올나잇스탠드 LIVE & DVD,194
153,"Intro (feat. Masta Wu, Jed, 하대환, Ray Jay, 요한)",싸이 (PSY),싸2,82
154,"Carolling (Feat.싸이,허니패밀리 외)",조pd (ZoPD),DJ처리의 Christmas 쏭쏭쏭,12
155,내 세상 (Inst.),싸이 (PSY),대물 OST,71
156,Outro (Back To The PSYcho World!),싸이 (PSY),3마이,127
157,"19금 Yes, I Am",싸이 (PSY),싸2,115
158,Upskail Phenomenon,싸이 (PSY),Psy From The Psycho World!,88
159,"(MR 반주곡) 아름다운이별2 (싸이,이재훈)",Various Artists,MR반주곡  15집,9
160,거짓말,전파사,억겁의 싸이-키,22
161,Sunny Fields (LG로보싸이킹 TV광고 '오토 무빙' 편 배경음악),Jose Le Gall,Shiny And Happy,33
162,생,싸이 (PSY),2006 올나잇스탠드 LIVE & DVD,120
163,"로얄패밀리 (Feat. Kirk, 김우근)",싸이 (PSY),3마이,138
164,바쳐 (Feat. 요한),싸이 (PSY),3마이,137
165,동거동락,싸이 (PSY),Psy From The Psycho World!,100
166,성냥팔이 소녀,싸이 (PSY),Psy From The Psycho World!,109
167,Mordern,싸이 (PSY),Psy From The Psycho World!,85
168,보름달,전파사,억겁의 싸이-키,8
169,ALARM,싸이 (PSY),싸집,152
170,Skit - 첩보 1,싸이 (PSY),Remake & Mix 18번,118
171,Freedom,싸이 (PSY),Psy From The Psycho World!,91
172,Lady,싸이 (PSY),Psy From The Psycho World!,128
173,Intro (Feat. Ray),싸이 (PSY),3마이,171
174,생,싸이 (PSY),싸2,152
175,나에게 맡겨봐,싸이 (PSY),Psy From The Psycho World!,113
176,(MR 반주곡) 낙원 (싸이(PSY)),Various Artists,MR반주곡  6집,32
177,소나기,전파사,억겁의 싸이-키,15
178,"2세의 처 (Feat. R.jay, DM, Y.Kwan, Small)",싸이 (PSY),Psy From The Psycho World!,95
179,쇼킹! 양가집 규수,싸이 (PSY),Psy From The Psycho World!,111
180,Skit - 첩보 2,싸이 (PSY),Remake & Mix 18번,86
181,(MR 반주곡) 비오니까 (싸이(PSY)),Various Artists,MR반주곡  11집,9
182,(MR 반주곡) Jump (싸이(PSY)),Various Artists,MR반주곡  24집,6
183,내 세상 (Inst.),싸이 (PSY),대물 OST Part.3,84
184,If I Had You (하이트진로d - 싸이 물풍선싸움편 광고 삽입곡),Adam Lambert,For Your Entertainment (Repackage),113
185,야시장,전파사,억겁의 싸이-키,10
186,Intro,싸이 (PSY),Psy From The Psycho World!,131
187,싸이키,전파사,억겁의 싸이-키,9
188,코끼리,전파사,억겁의 싸이-키,18
189,(MR 반주곡) 싸이코파티 (싸이(PSY)),Various Artists,MR반주곡  15집,6
190,Power (Inst.),싸이 (PSY),로펌 (SBS드라마스페셜),47
191,Outro,싸이 (PSY),Psy From The Psycho World!,94
192,77학개론 (MR),INSTMR,MR 반주 싸이6甲 Part.1,10
193,변검술,전파사,억겁의 싸이-키,4
194,신기루,전파사,억겁의 싸이-키,6
195,(MR 반주곡) 노크 (싸이(PSY)),Various Artists,MR반주곡  7집,5
196,(MR 반주곡) 애주가 (싸이(PSY)),Various Artists,MR반주곡  16집,4
197,(MR 반주곡) 어른 (싸이(PSY)),Various Artists,MR반주곡  16집,5
198,(MR 반주곡) 인스턴트 (싸이(PSY)),Various Artists,MR반주곡  19집,8
199,인스턴트 (With 싸이),김태우,Solo Special Album,363
200,Never Say Goodbye (MR),INSTMR,MR 반주 싸이6甲 Part.1,13
201,아수라,전파사,억겁의 싸이-키,4
202,일공팔,전파사,억겁의 싸이-키,3
203,If I Had You (하이트진로d - 싸이 물풍선싸움편 광고 삽입곡),Adam Lambert,지구에서 듣는 가장 기분 좋은 음악 : Pop,93
204,"Carolling (2004 Hip Hop) (조Pd, 래피타이저, 싸이, 이희성, 박성호, 허니 패밀리)",Various Artists,2004 Christmas Carol - White Christmas,10
205,청개구리 (MR),INSTMR,MR 반주 싸이6甲 Part.1,13
206,강남스타일,싸이 (PSY),2012 MelOn Music Awards Nominees,774
207,Gangnam Style (강남스타일),싸이 (PSY),POPWIKI (Explicit Ver.),94
208,FREE 다시 한 번 대한민국,김장훈 & 싸이,다시 한 번 대한민국,51
209,The Inspector Revisited (OST 'The Art Of Love'),Cy Coleman,Cy Coleman - OST Hits (싸이 콜맨 영화 히트 모음),1
210,Chop Suey (OST 'Flower Drum Song'),Cy Coleman,Cy Coleman - OST Hits (싸이 콜맨 영화 히트 모음),1
211,A Hundred Million Miracles (OST 'Flower Drum Song'),Cy Coleman,Cy Coleman - OST Hits (싸이 콜맨 영화 히트 모음),1
212,Blues For Laurie (Laurie's Theme) (OST 'The Art Of Love'),Cy Coleman,Cy Coleman - OST Hits (싸이 콜맨 영화 히트 모음),1
213,Grant Avenue (OST 'Flower Drum Song'),Cy Coleman,Cy Coleman - OST Hits (싸이 콜맨 영화 히트 모음),1
214,Halfway Blues (OST 'The Art Of Love'),Cy Coleman,Cy Coleman - OST Hits (싸이 콜맨 영화 히트 모음),1
215,I Am Going To Like It Here (OST 'Flower Drum Song'),Cy Coleman,Cy Coleman - OST Hits (싸이 콜맨 영화 히트 모음),1
216,I Wish I Knew Her Name (Coco's Theme) (OST 'The Art Of Love'),Cy Coleman,Cy Coleman - OST Hits (싸이 콜맨 영화 히트 모음),2
217,Kick Off Your Shoes (OST 'The Art Of Love'),Cy Coleman,Cy Coleman - OST Hits (싸이 콜맨 영화 히트 모음),1
218,"Love, Look Away (OST 'Flower Drum Song')",Cy Coleman,Cy Coleman - OST Hits (싸이 콜맨 영화 히트 모음),1
219,Main Title (OST 'The Art Of Love'),Cy Coleman,Cy Coleman - OST Hits (싸이 콜맨 영화 히트 모음),1
220,Nikki (Love Theme) (OST 'The Art Of Love'),Cy Coleman,Cy Coleman - OST Hits (싸이 콜맨 영화 히트 모음),2
221,Parisian Women (OST 'The Art Of Love'),Cy Coleman,Cy Coleman - OST Hits (싸이 콜맨 영화 히트 모음),1
222,"So Long, Baby (OST 'The Art Of Love')",Cy Coleman,Cy Coleman - OST Hits (싸이 콜맨 영화 히트 모음),2
223,Sunday (OST 'Flower Drum Song'),Cy Coleman,Cy Coleman - OST Hits (싸이 콜맨 영화 히트 모음),1
224,The Art Of Love (OST 'The Art Of Love'),Cy Coleman,Cy Coleman - OST Hits (싸이 콜맨 영화 히트 모음),2
225,The Chase (OST 'The Art Of Love'),Cy Coleman,Cy Coleman - OST Hits (싸이 콜맨 영화 히트 모음),1
226,The Other Generation (OST 'Flower Drum Song'),Cy Coleman,Cy Coleman - OST Hits (싸이 콜맨 영화 히트 모음),2
227,You Are Beautiful (OST 'Flower Drum Song'),Cy Coleman,Cy Coleman - OST Hits (싸이 콜맨 영화 히트 모음),1
228,우리 싸이 통성명은 필요 없을거 같은데,Various Artists,멘트 벨소리 3집,1
229,If I Had You (진로 하이트 D 광고 - 싸이 주연),Adam Lambert,방금 그 곡! 2015 TV 삽입곡 베스트 30,57
230,HOT If I Had You (진로 하이트 D 광고 - 싸이 주연),Adam Lambert,한국인이 가장 사랑하는 광고 음악,182
231,If I Had You (하이트진로d - 싸이 물풍선싸움편 광고 삽입곡),Adam Lambert,ChiMc (치맥),123
232,If I Had You (하이트진로d - 싸이 물풍선싸움편 광고 삽입곡),Adam Lambert,In Da Pub (시원한 맥주와 함께 듣는 음악),258
233,It's All Good (카스라이트 '싸이 외박' 편),Ronaldo,Very Best Of CF Music Vol.26,1
234,It's All Good (오비맥주 카스라이트 외박 (싸이 편)),Dave Walters,Very Best Of CF Music Vol. 24,1
235,FREE 울려줘 다시 한 번,김장훈 & 싸이,울려줘 다시 한 번,12
236,FREE We Are The One,싸이 (PSY),We Are The One,"1,873"
237,Run Away,싸이 (PSY),반전드라마 OST - 3집,69
238,Gentleman (젠틀맨) (싸이 (PSY)) (멜로디 MR),Various Artists,뮤직섬 MR반주 2013 최신인기가요 25,26
239,연예인 (싸이) (MR반주),반주킹,인기 축가 MR반주 Best 2,29
240,어땠을까-싸이 (BGM),태교 사랑,오후가 즐거워지는 태교 음악 (BGM),16
241,Gentleman (젠틀맨) (싸이 (PSY)) (MR),Various Artists,뮤직섬 MR반주 2013 최신인기가요 25,40
